ElectricalConductivity_composition_average,valence_composition_average,ICSDVolume_composition_average,HeatCapacityMass_arithmetic_average,SpaceGroupNumber_composition_average,BCCvolume_pa_composition_average,IsAlkalineEarth_composition_average,ICSDVolume_difference,AtomicVolume_composition_average,BCCenergy_pa_composition_average,BCCefflatcnt_composition_average,BCCvolume_padiff_composition_average,ThirdIonizationEnergy_arithmetic_average,HeatFusion_composition_average,GSenergy_pa_composition_average,IonizationEnergy_composition_average,AtomicWeight_arithmetic_average,IsHexagonal_composition_average,NUnfilled_composition_average,AtomicRadii_composition_average,BCCmagmom_composition_average,GSmagmom_composition_average,IsBCC_composition_average,HHIr_composition_average,ThermalConductivity_composition_average
4.848,2.76,21.691999999999997,0.4506,94.12,15.2872,0.08,44.3,11166.60540396242,-3.65698289,5.819523931679998,-1.1015,37.0378,4.224,-5.0529094636,1048.1760000000002,72.383174,0.12,2.96,1.08492,0.33780266000000003,0.33770604800000004,0.16,1196.0,30.93484
1.4739999999999998,2.96,20.989,0.4638,89.49000000000002,14.6081,0.04,44.9,11165.917827207704,-3.9898728281,5.767756643989999,-1.0130879310499998,36.975,4.1677,-5.416899321401001,1041.9260000000002,71.27922199999998,0.21,3.54,1.07297,0.207116611,0.07747007810344825,0.15,1321.0,8.63464
2.344,2.76,20.934,0.4638,88.34000000000002,14.6046,0.04,44.9,11165.85698501858,-3.8953566186,5.76714257334,-1.0044586207,36.975,4.3321999999999985,-5.3198905161339995,1043.956,71.27922199999998,0.26,3.4399999999999995,1.07362,0.25038982600000004,0.1548781320689655,0.1,1366.0,13.24364
3.2139999999999995,2.56,20.879,0.4638,87.19000000000003,14.6011,0.04,44.9,11165.796142829455,-3.8008404091,5.766528502690001,-0.99582931035,36.975,4.4967,-5.222881710867,1045.986,71.27922199999998,0.31,3.34,1.07427,0.293663041,0.2322861860344828,0.05,1411.0,17.85264
3.079,2.81,20.914,0.4578,91.29000000000002,14.641100000000002,0.04,44.9,11165.852526283295,-3.9021338681,5.77349373359,-1.01645,36.3718,4.3027,-5.306637187850001,1048.211,71.460613,0.21,3.39,1.07312,0.400930096,0.39402298,0.15,1261.0,19.491640000000004
3.414,2.66,20.884,0.4578,89.54,14.6266,0.04,44.9,11165.813451068978,-3.8368639786,5.7709672997400006,-1.0067,36.3718,4.4222,-5.2463824270999995,1048.146,71.460613,0.26,3.34,1.07372,0.379598816,0.3659134,0.1,1326.0,20.48164
3.749,2.51,20.854,0.4578,87.79,14.612100000000002,0.04,44.9,11165.774375854651,-3.7715940891,5.76844086589,-0.99695,36.3718,4.5417,-5.18612766635,1048.081,71.460613,0.31,3.29,1.0743200000000002,0.358267536,0.33780382,0.05,1391.0,21.47164
1.6740000000000002,3.06,20.994,0.4694,91.84000000000002,14.6336,0.04,44.3,11165.935135447224,-4.0258963975999995,5.77219544104,-1.0239586207,36.4052,4.0932,-5.440400037633999,1044.086,70.661583,0.16,3.54,1.0724200000000002,0.293052386,0.2110972920689655,0.2,1236.0,11.26364
2.942,2.8200000000000003,21.28,0.4624,93.5,14.9484,0.06,45.2,11166.214007969658,-3.7911914526,5.79377877694,-1.06365,36.7058,4.3546000000000005,-5.192430905299999,1047.6,71.412654,0.14,3.18,1.07818,0.34040145000000005,0.361521836,0.16,1198.0,18.722240000000006
2.948,2.84,20.456000000000003,0.4574,91.64,14.3912,0.04,44.9,11165.493706064455,-3.8916158972,5.75476307348,-1.0756,36.861,4.3892000000000015,-5.294093544000001,1045.808,71.861049,0.2,3.7200000000000006,1.06516,0.405067536,0.399644896,0.16,1248.0,19.133640000000003
1.306,2.98,20.965999999999998,0.4634,90.34,14.6964,0.06,44.9,11165.965039484694,-3.9257921226,5.771604191819999,-1.1027137931200002,37.4642,4.256,-5.3498861592544005,1039.634,71.67965799999998,0.18,3.66,1.07144,0.19833315199999998,0.0619884673103448,0.16,1310.0,7.3734399999999996
3.892,2.44,21.244,0.4574,88.68,15.037200000000002,0.08,44.9,11166.203283751822,-3.6161441652000006,5.794620993400001,-1.1136,36.861,4.6976,-5.0258414638,1046.712,71.861049,0.28,3.16,1.07948,0.353872464,0.33218190400000003,0.04,1400.0,21.15084
4.032,2.4000000000000004,22.104,0.4574,89.92,15.718,0.12,44.9,11167.006641953554,-3.4973201680000012,5.840542354559999,-1.175,36.861,4.7192,-4.9022008094,1047.772,71.861049,0.24,2.72,1.09236,0.353872464,0.33218190400000003,0.04,1396.0,20.792040000000004
4.18,2.3200000000000003,24.232,0.4596,92.64,17.7204,0.2,51.7,11169.192127410914,-3.2744071146,5.968259818480001,-1.2186,32.537000000000006,4.7438,-4.6693620201999995,1047.096,71.14491899999999,0.16,1.84,1.12232,0.353872464,0.33218190400000003,0.1,1346.0,20.966639999999998
4.135999999999999,2.3200000000000003,24.368,0.4596,92.72,17.934,0.2,51.7,11169.385050428877,-3.2793187616000004,5.980218065680001,-1.1922,32.537000000000006,4.7376000000000005,-4.6741761934,1046.164,71.14491899999999,0.16,1.84,1.12372,0.353872464,0.33218190400000003,0.12,1332.0,21.264040000000005
4.0920000000000005,2.3200000000000003,24.504,0.4596,92.8,18.1476,0.2,51.7,11169.577973446841,-3.2842304086,5.99217631288,-1.1658,32.537000000000006,4.731400000000002,-4.6789903666,1045.232,71.14491899999999,0.16,1.84,1.12512,0.353872464,0.33218190400000003,0.14,1318.0,21.56144
4.048,2.3200000000000003,24.64,0.4596,92.88,18.361200000000004,0.2,51.7,11169.770896464805,-3.2891420556,6.00413456008,-1.1394,32.537000000000006,4.7252,-4.6838045398000006,1044.3,71.14491899999999,0.16,1.84,1.12652,0.353872464,0.33218190400000003,0.16,1304.0,21.858840000000004
4.004,2.3200000000000003,24.776,0.4596,92.96,18.5748,0.2,51.7,11169.96381948277,-3.2940537026000003,6.016092807280001,-1.113,32.537000000000006,4.718999999999999,-4.688618713,1043.368,71.14491899999999,0.16,1.84,1.12792,0.353872464,0.33218190400000003,0.18,1290.0,22.156240000000004
3.304,2.72,23.451999999999998,0.4618,97.22,16.7892,0.18,45.2,11168.294183235774,-3.4142268386000003,5.916210910819999,-1.3096,36.911,4.4874,-4.8000434644,1048.762,71.65476,0.0,2.3600000000000003,1.1099,0.34028873600000004,0.361521836,0.16,1186.0,17.483840000000004
1.628,3.04,22.812,0.5584,93.9,16.247799999999998,0.14,43.8,11167.68078358521,-3.6597511216,5.88742557512,-1.25916551726,36.1696,4.0378,-5.0748734334612,1037.622,65.13099672,0.0,3.52,1.1002999999999998,0.14734312200000002,5.58217241379e-05,0.18,1250.0,7.48624
2.372,2.96,22.9,0.5584,94.06000000000002,16.375999999999998,0.14,43.8,11167.768417986248,-3.5553466490000005,5.90641446782,-1.25081379312,36.1696,3.9938,-4.9693705908544015,1034.826,65.13099672,0.0,3.5200000000000005,1.1041,0.13097166400000002,4.96193103448e-05,0.16,1234.0,12.06984
3.3999999999999995,2.74,23.248,0.4572000000000001,95.67000000000002,16.6332,0.16999999999999998,44.9,11168.090979992448,-3.5056371555000005,5.906256753130001,-1.2927,36.577,4.4165,-4.892343607900001,1049.397,71.70271899999999,0.04,2.62,1.10693,0.405067536,0.399644896,0.16,1235.0,17.934540000000005
3.074,2.8200000000000003,21.291999999999998,0.4578,92.26,14.9528,0.06,44.9,11166.216191019317,-3.8528293538,5.79455520758,-1.05625,36.3718,4.3034,-5.2537934882999995,1048.452,71.460613,0.18,3.22,1.0784599999999998,0.40518025,0.399644896,0.16,1246.0,19.094240000000006
3.136,2.8000000000000003,21.664,0.4578,92.88,15.2616,0.08,44.9,11166.572040712468,-3.7904708616,5.815111394800001,-1.0941,36.3718,4.328,-5.1888988366,1048.68,71.460613,0.16,3.04,1.0839199999999998,0.40516414799999995,0.399644896,0.16,1244.0,18.89484
3.538,2.62,21.628,0.4578,90.78000000000002,15.2442,0.08,44.9,11166.525150455283,-3.7121469942,5.81207967418,-1.0824,36.3718,4.4714,-5.1165931237,1048.6019999999999,71.460613,0.22,2.98,1.0846399999999998,0.379566612,0.3659134,0.1,1322.0,20.08284
3.94,2.4400000000000004,21.592,0.4578,88.68,15.2268,0.08,44.9,11166.478260198095,-3.6338231268,5.8090479535599995,-1.0707,36.3718,4.6148,-5.0442874108,1048.524,71.460613,0.28,2.92,1.08536,0.353969076,0.33218190400000003,0.04,1400.0,21.27084
2.878,2.9000000000000004,20.932,0.4578,92.34000000000002,14.6498,0.04,44.9,11165.87597141189,-3.9412958018,5.7750095939,-1.0223,36.37179999999999,4.231,-5.3427900443,1048.25,71.460613,0.18,3.42,1.07276,0.413728864,0.410888728,0.18,1222.0,18.897640000000006
3.414,2.66,20.884,0.4578,89.54,14.6266,0.04,44.9,11165.813451068978,-3.8368639786,5.7709672997400006,-1.0067,36.37179999999999,4.4222,-5.2463824270999995,1048.146,71.460613,0.26,3.34,1.07372,0.379598816,0.3659134,0.1,1326.0,20.48164
2.9479999999999995,2.8400000000000003,20.456000000000003,0.4574,91.64,14.3912,0.04,44.9,11165.493706064455,-3.8916158972,5.75476307348,-1.0756,36.861,4.3892,-5.294093544000001,1045.808,71.86104899999998,0.2,3.7200000000000006,1.06516,0.405067536,0.399644896,0.16,1248.0,19.133640000000003
1.236,3.0,20.535999999999998,0.4634,89.72000000000004,14.356000000000002,0.04,44.9,11165.563360383829,-3.9852041212000002,5.748643511240001,-1.07201379312,37.4642,4.2452,-5.411706486454401,1039.104,71.67965799999998,0.2,3.8800000000000012,1.065,0.19833315199999998,0.0619884673103448,0.16,1312.0,7.5528400000000016
1.626,2.34,22.304,0.563,64.62,15.986400000000005,0.06,38.7,11167.246852691675,-2.9097547326000006,5.985480471819999,-1.1355499999999998,45.7122,2.6294,-4.3183414691,1018.304,67.310574,0.22,3.62,1.10846,0.00014491799999999998,0.0,0.0,1242.0,15.397039999999999
1.6880000000000002,2.3200000000000003,22.676,0.563,65.24000000000001,16.2952,0.08,38.7,11167.60270238483,-2.8473962404,6.00603665904,-1.1734,45.7122,2.6540000000000004,-4.2534468174,1018.5319999999999,67.310574,0.2,3.4400000000000004,1.11392,0.000128816,0.0,0.0,1240.0,15.19764
3.95,2.42,20.836,0.4578,86.74000000000002,14.6034,0.04,44.9,11165.750930726059,-3.7324321554000006,5.766925005579998,-0.9911,36.37179999999999,4.6134,-5.1499748099,1048.042,71.460613,0.34,3.26,1.07468,0.3454687679999999,0.320938072,0.02,1430.0,22.06564
3.8160000000000003,2.48,20.848000000000003,0.4578,87.44000000000003,14.6092,0.04,44.9,11165.76656081179,-3.7585401112,5.76793557912,-0.995,36.37179999999999,4.5656,-5.1740767142,1048.068,71.460613,0.32,3.28,1.07444,0.35400128,0.33218190400000003,0.04,1404.0,21.669640000000005
3.682,2.54,20.86,0.4578,88.14,14.615000000000002,0.04,44.9,11165.782190897517,-3.784648067,5.76894615266,-0.9989,36.37179999999999,4.5177999999999985,-5.1981786185,1048.094,71.460613,0.3,3.3,1.0741999999999998,0.362533792,0.34342573600000004,0.06,1378.0,21.27364
3.548,2.6,20.872,0.4578,88.84000000000002,14.6208,0.04,44.9,11165.797820983247,-3.8107560228000006,5.7699567262,-1.0028,36.37179999999999,4.47,-5.222280522799999,1048.12,71.460613,0.28,3.3199999999999994,1.07396,0.37106630399999996,0.35466956800000005,0.08,1352.0,20.877640000000003
3.414,2.66,20.884,0.4578,89.54,14.6266,0.04,44.9,11165.813451068978,-3.8368639786,5.7709672997400006,-1.0067,36.37179999999999,4.4222,-5.2463824270999995,1048.146,71.460613,0.26,3.34,1.07372,0.379598816,0.3659134,0.1,1326.0,20.48164
3.28,2.72,20.896,0.4578,90.24,14.6324,0.04,44.9,11165.829081154705,-3.8629719344000013,5.771977873280001,-1.0106,36.37179999999999,4.3744,-5.2704843314000005,1048.172,71.460613,0.24,3.3600000000000003,1.07348,0.3881313280000001,0.3771572320000001,0.12,1300.0,20.08564
3.1460000000000004,2.78,20.908,0.4578,90.94,14.6382,0.04,44.9,11165.844711240432,-3.889079890200001,5.77298844682,-1.0145,36.37179999999999,4.3266,-5.2945862357000015,1048.198,71.460613,0.22,3.38,1.07324,0.39666384,0.38840106399999996,0.14,1274.0,19.68964
3.012,2.84,20.92,0.4578,91.64,14.644000000000002,0.04,44.9,11165.860341326159,-3.915187846,5.77399902036,-1.0184,36.37179999999999,4.2788,-5.318688140000001,1048.2240000000004,71.460613,0.2,3.4000000000000004,1.073,0.405196352,0.399644896,0.16,1248.0,19.293640000000003
2.878,2.9000000000000004,20.932,0.4578,92.34000000000002,14.6498,0.04,44.9,11165.87597141189,-3.9412958018,5.7750095939,-1.0223,36.37179999999999,4.231,-5.3427900443,1048.25,71.460613,0.18,3.42,1.07276,0.413728864,0.410888728,0.18,1222.0,18.897640000000006
2.95,2.8600000000000003,20.548,0.4578,91.02,14.3352,0.02,44.9,11165.504491633006,-3.9775463382000007,5.75344283314,-0.98055,36.37179999999999,4.254200000000001,-5.383582791699999,1047.996,71.460613,0.22,3.58,1.06754,0.4052124540000001,0.399644896,0.16,1250.0,19.493040000000004
3.074,2.8200000000000003,21.291999999999998,0.4578,92.26,14.9528,0.06,44.9,11166.216191019317,-3.8528293538000007,5.79455520758,-1.05625,36.37179999999999,4.3034,-5.2537934882999995,1048.452,71.460613,0.18,3.22,1.07846,0.40518025,0.399644896,0.16,1246.0,19.094240000000006
3.136,2.8,21.664,0.4578,92.88,15.2616,0.08,44.9,11166.572040712468,-3.7904708616,5.815111394800001,-1.0941,36.37179999999999,4.328,-5.1888988366,1048.68,71.460613,0.16,3.04,1.08392,0.40516414799999995,0.399644896,0.16,1244.0,18.89484
3.26,2.76,22.408,0.4578,94.12,15.8792,0.12,44.9,11167.283740098777,-3.6657538772,5.8562237692400005,-1.1698,36.37179999999999,4.3772,-5.0591095332,1049.136,71.460613,0.12,2.68,1.09484,0.40513194399999997,0.399644896,0.16,1240.0,18.496040000000004
4.26,2.3200000000000003,22.696,0.4578,89.84,16.147399999999998,0.14,44.9,11167.530179191832,-3.4206396944,5.86970594168,-1.18035,36.37179999999999,4.7364,-4.8255015513999995,1049.182,71.460613,0.24,2.3600000000000003,1.10198,0.34538825799999995,0.320938072,0.02,1420.0,21.06864
4.126,2.38,22.708000000000002,0.4578,90.54,16.1532,0.14,44.9,11167.54580927756,-3.4467476502000003,5.87071651522,-1.18425,36.37179999999999,4.6886,-4.8496034557000005,1049.208,71.460613,0.22,2.38,1.10174,0.35392077,0.33218190400000003,0.04,1394.0,20.672640000000005
3.9919999999999987,2.4399999999999995,22.72,0.4578,91.24,16.159000000000002,0.14,44.9,11167.561439363288,-3.4728556059999995,5.871727088759999,-1.18815,36.37179999999999,4.6408,-4.8737053600000015,1049.234,71.460613,0.2,2.3999999999999995,1.1015,0.36245328200000004,0.34342573600000004,0.06,1368.0,20.27664
3.858,2.5,22.732,0.4578,91.94,16.1648,0.14,44.9,11167.577069449017,-3.4989635618,5.8727376623000005,-1.19205,36.37179999999999,4.592999999999999,-4.8978072643,1049.26,71.460613,0.18,2.42,1.1012600000000001,0.370985794,0.35466956800000005,0.08,1342.0,19.880640000000003
3.7239999999999993,2.56,22.744,0.4578,92.64,16.1706,0.14,44.9,11167.592699534744,-3.5250715176,5.87374823584,-1.1959499999999998,36.37179999999999,4.5452,-4.9219091686,1049.286,71.460613,0.16,2.4399999999999995,1.10102,0.379518306,0.3659134,0.1,1316.0,19.48464
3.59,2.62,22.756,0.4578,93.34,16.176399999999994,0.14,44.9,11167.608329620474,-3.5511794734000004,5.8747588093799985,-1.19985,36.37179999999999,4.497399999999999,-4.9460110729,1049.312,71.460613,0.14,2.46,1.10078,0.38805081799999996,0.3771572320000001,0.12,1290.0,19.08864
3.4559999999999995,2.68,22.768,0.4578,94.04,16.182199999999998,0.14,44.9,11167.623959706203,-3.5772874292,5.87576938292,-1.20375,36.37179999999999,4.4495999999999984,-4.9701129772,1049.338,71.460613,0.12,2.4799999999999995,1.10054,0.39658333,0.38840106399999996,0.14,1264.0,18.69264
3.322,2.74,22.78,0.4578,94.74,16.188,0.14,44.9,11167.639589791932,-3.6033953850000007,5.87677995646,-1.20765,36.37179999999999,4.4018,-4.9942148815000005,1049.364,71.460613,0.1,2.5,1.1003,0.4051158420000001,0.399644896,0.16,1238.0,18.296640000000004
3.188,2.8,22.791999999999998,0.4578,95.44,16.1938,0.14,44.9,11167.65521987766,-3.6295033408,5.87779053,-1.21155,36.37179999999999,4.354,-5.0183167858,1049.39,71.460613,0.08,2.52,1.10006,0.413648354,0.410888728,0.18,1212.0,17.900640000000006
3.012,2.84,20.92,0.4578,91.64,14.644000000000002,0.04,44.9,11165.860341326159,-3.915187846,5.77399902036,-1.0184,36.37179999999999,4.2788,-5.318688140000001,1048.2240000000004,71.460613,0.2,3.4000000000000004,1.073,0.405196352,0.399644896,0.16,1248.0,19.293640000000003
3.074,2.8200000000000003,21.291999999999998,0.4578,92.26,14.9528,0.06,44.9,11166.216191019317,-3.8528293538000007,5.79455520758,-1.05625,36.37179999999999,4.3034,-5.2537934882999995,1048.452,71.460613,0.18,3.22,1.07846,0.40518025,0.399644896,0.16,1246.0,19.094240000000006
3.136,2.8,21.664,0.4578,92.88,15.2616,0.08,44.9,11166.572040712468,-3.7904708616,5.815111394800001,-1.0941,36.37179999999999,4.328,-5.1888988366,1048.68,71.460613,0.16,3.04,1.08392,0.40516414799999995,0.399644896,0.16,1244.0,18.89484
1.02,2.84,22.964000000000002,0.4844000000000001,91.28000000000002,16.3532,0.12,43.8,11167.8359571849,-3.7382236568000007,5.925734105519999,-1.16291034484,35.7732,4.200799999999999,-5.1547024694408,1036.056,69.065983,0.16,3.16,1.1108,0.09829315599999999,3.9017149425264e-05,0.12,1252.0,4.35444
4.324000000000002,2.76,21.484,0.5589999999999999,91.44,15.2526,0.04,43.8,11166.416841402022,-3.5623666746000007,5.8633151781400015,-0.9799586207,35.9644,3.7832,-4.986393913634,1025.9160000000004,64.88889072,0.16,3.64,1.09132,0.081986106,3.10120689655e-05,0.1,1196.0,26.94364
3.1460000000000004,2.64,21.285999999999998,0.4578,90.16,14.979399999999998,0.06,44.9,11166.200858012564,-3.8964378083999995,5.799018881059999,-1.04655,36.4336,5.1658,-5.3035109934,1037.7240000000004,70.690833,0.24,3.3599999999999994,1.07998,0.168516434,0.15484712,0.1,1594.0,21.632240000000003
1.375,3.05,21.21,0.4694,92.15,14.832,0.05,44.0,11166.144617544236,-4.1166494735,5.78996892875,-1.0448836206999998,36.467,4.8245000000000005,-5.529975929784,1033.55,69.891803,0.15,3.65,1.07595,0.081978055,3.10120689655e-05,0.2,1505.0,12.51394
2.572,3.04,22.026999999999997,0.4638,75.64999999999998,15.0093,0.1,44.3,11166.9302004391,-3.6715537155,5.803700382430001,-1.4965,36.446999999999996,4.7578,-5.0615150978,1062.441,83.26235999999999,0.03,2.42,1.07741,0.358812676,0.35881335200000003,0.16999999999999998,1486.0,15.591439999999999
2.7439999999999998,3.08,21.909000000000002,0.4638,76.35,14.8871,0.1,44.3,11166.813021395315,-3.6840380405,5.785680667209999,-1.4994999999999998,36.446999999999996,4.751,-5.0717202426,1064.4669999999999,83.26235999999999,0.01,2.34,1.0732700000000002,0.401025932,0.40102615733333336,0.19,1482.0,16.757440000000006
2.658,3.06,21.968000000000004,0.4638,76.0,14.9482,0.1,44.3,11166.871610917207,-3.677795878,5.79469052482,-1.4980000000000002,36.446999999999996,4.7544,-5.066617670199999,1063.4540000000004,83.26235999999999,0.02,2.38,1.07534,0.37991930399999996,0.37991975466666666,0.18,1484.0,16.174440000000004
2.486,3.02,22.086,0.4638,75.30000000000003,15.070400000000005,0.1,44.3,11166.988789960991,-3.665311553,5.81271024004,-1.495,36.446999999999996,4.7612,-5.056412525400001,1061.428,83.26235999999999,0.04,2.46,1.07948,0.33770604800000004,0.3377069493333334,0.16,1488.0,15.008440000000002
2.78,3.06,22.156,0.4044,74.94000000000003,15.116,0.1,44.3,11167.05822027927,-3.6024690246000004,5.8133256634200015,-1.6621,37.0492,4.6144,-4.990334069599999,1064.466,97.43095999999998,0.0,2.3,1.0787799999999999,0.37991930399999996,0.37991930399999996,0.18,1484.0,17.068440000000002
4.81,2.9400000000000004,21.854,0.4360000000000001,76.54,14.84,0.1,44.3,11166.756534951917,-3.5045763198000004,5.7790621994,-1.5006,38.31480000000001,4.7392,-4.8926296333999995,1064.924,86.39815999999998,0.0,2.18,1.0726799999999999,0.33770604800000004,0.33770604800000004,0.16,1484.0,30.17244
2.784,3.09,21.914,0.412,76.7,14.9005,0.1,44.3,11166.816679553527,-3.7083585747,5.7873502857600005,-1.501,35.9568,4.9095,-5.0949011867000005,1064.527,92.270236,0.0,2.33,1.07308,0.401025932,0.401025932,0.2,1554.0,17.07544
2.738,3.08,21.978,0.412,76.7,14.975,0.1,44.3,11166.878927233634,-3.7264369464,5.7980297619200005,-1.501,35.9568,5.0714,-5.1129795584,1063.5739999999998,92.270236,0.0,2.3600000000000003,1.07496,0.37991930399999996,0.37991930399999996,0.2,1628.0,16.810440000000003
2.692,3.07,22.042,0.412,76.7,15.049500000000002,0.1,44.3,11166.941174913745,-3.7445153181,5.8087092380800005,-1.501,35.9568,5.2333,-5.131057930100001,1062.621,92.270236,0.0,2.39,1.07684,0.358812676,0.358812676,0.2,1702.0,16.545440000000006
2.7989999999999995,3.09,21.909000000000002,0.387,76.7,14.899900000000002,0.1,44.3,11166.817125519316,-3.7259393548,5.787277314400001,-1.501,30.9488,4.9752,-5.1124819668,1065.497,109.87853600000001,0.0,2.33,1.07309,0.401025932,0.401025932,0.2,1514.0,17.11344
2.7680000000000002,3.08,21.968000000000004,0.387,76.7,14.9738,0.1,44.3,11166.879819165213,-3.7615985066,5.797883819200001,-1.501,30.9488,5.2028,-5.1481411186,1065.514,109.87853600000001,0.0,2.3600000000000003,1.0749799999999998,0.37991930399999996,0.37991930399999996,0.2,1548.0,16.886440000000004
3.116,2.96,20.462,0.4948,92.42,14.174000000000001,0.02,32.40000000000001,11165.4125282952,-4.0709053792,5.7552858981599995,-0.98095,36.1414,4.5046,-5.473253663,1046.948,68.74685,0.18,3.68,1.06722,0.380064222,0.37991930399999996,0.2,1316.0,22.100440000000006
2.962,2.8200000000000003,20.69,0.458,88.34,14.4068,0.06,44.9,11165.715855224502,-3.821662103,5.752089461740001,-1.0888,37.2216,4.6422,-5.2238101713,1049.138,73.75151899999999,0.04,3.08,1.0679599999999998,0.405067536,0.399644896,0.16,1246.0,19.066240000000004
3.032,2.8200000000000003,20.844,0.4568,92.26,14.602800000000002,0.06,44.9,11165.745568246226,-3.8297136430000003,5.76769452856,-1.114,36.9522,4.435,-5.230666210000001,1047.318,72.52791899999998,0.18,3.3600000000000003,1.0706200000000001,0.405067536,0.399644896,0.16,1246.0,19.514240000000004
3.2,2.68,24.848000000000003,0.4596,97.16,18.6096,0.2,51.7,11170.05759999714,-3.4507014374,6.02215624852,-1.1364,32.537,4.4322,-4.8332301388,1043.524,71.14491899999999,0.04,1.96,1.12648,0.405067536,0.399644896,0.3,1134.0,19.780240000000006
3.074,2.8200000000000003,21.291999999999998,0.4578,92.26,14.9528,0.06,44.9,11166.216191019317,-3.8528293538,5.79455520758,-1.05625,36.3718,4.3034,-5.2537934882999995,1048.452,71.460613,0.18,3.22,1.0784599999999998,0.40518025,0.399644896,0.16,1246.0,19.094240000000006
3.0180000000000002,2.8200000000000003,20.886000000000006,0.4574,92.26,14.7316,0.06,44.9,11165.895385165324,-3.8322038986,5.77772375406,-1.1063,36.861,4.4,-5.2322732168,1046.338,71.86104899999998,0.18,3.5,1.0716,0.405067536,0.399644896,0.16,1246.0,18.954240000000006
2.92,2.8200000000000003,20.662000000000006,0.4658,92.26,14.275200000000002,0.06,44.9,11165.588861966617,-3.8129045066000002,5.74136672804,-1.0552,36.664,4.789199999999999,-5.2155560058,1055.998,75.12951899999999,0.18,4.2,1.0679599999999998,0.405067536,0.399644896,0.16,1246.0,18.688240000000004
2.962,2.8200000000000003,20.480000000000004,0.4534,92.26,14.0764,0.06,44.9,11165.379880541057,-3.8051616245999997,5.7247708718400006,-1.1406,37.0974,5.0244,-5.2081546458662,1053.198,76.17951899999998,0.18,2.52,1.0638999999999998,0.405067536,0.399644896,0.16,1246.0,18.702240000000003
2.9760000000000004,2.8200000000000003,20.340000000000003,0.4524,92.26,14.002200000000002,0.06,44.9,11165.250950134065,-3.8004712172,5.718447701560001,-1.1231,37.0848,6.221399999999999,-5.2028457467,1055.578,77.13131899999998,0.18,2.24,1.0616599999999998,0.405067536,0.399644896,0.16,1246.0,19.206240000000005
3.1460000000000004,2.64,21.285999999999998,0.4578,90.16,14.979399999999998,0.06,44.9,11166.200858012564,-3.8964378083999995,5.799018881059999,-1.04655,36.4336,5.1658,-5.3035109934,1037.7240000000004,70.690833,0.24,3.3599999999999994,1.07998,0.168516434,0.15484712,0.1,1594.0,21.632240000000003
3.746,2.46,21.232,0.4578,88.06,14.9356,0.06,44.9,11166.135033405117,-3.7449545478,5.79148992398,-1.03365,36.4336,4.8778,-5.1579913497000005,1044.036,70.690833,0.3,3.18,1.0802200000000002,0.269558666,0.247755392,0.04,1510.0,22.010240000000003
1.156,3.08,21.768,0.4694,92.36,15.238,0.08,44.3,11166.672955203296,-3.9362749972000013,5.811012979639998,-1.09831379312,36.4052,4.0884,-5.3547155876544,1042.028,70.661583,0.12,3.24,1.08328,0.215494788,0.08447613131034483,0.2,1256.0,6.522040000000001
1.584,3.04,21.748,0.4694,92.84,15.2468,0.08,44.3,11166.655541623451,-3.912877941200001,5.8125428702,-1.09921034484,36.4052,4.1244,-5.3253123520407994,1043.704,70.661583,0.12,3.2,1.0833199999999998,0.26717838400000005,0.1688902384827586,0.2,1240.0,9.41724
1.798,3.02,21.738000000000003,0.4694,93.08,15.2512,0.08,44.3,11166.646834833533,-3.9011794132,5.81330781548,-1.0996586207,36.4052,4.1423999999999985,-5.310610734233999,1044.542,70.661583,0.12,3.18,1.08334,0.293020182,0.2110972920689655,0.2,1232.0,10.86484
1.2919999999999998,2.96,21.732,0.4684,92.2,15.221999999999998,0.08,45.2,11166.639511982181,-3.8224211844,5.808215401919999,-1.09791379312,37.309,4.2352,-5.245149196054402,1041.124,71.231263,0.12,3.16,1.08348,0.133650964,0.023865407310344804,0.16,1260.0,6.9420399999999995
1.856,2.8,21.676,0.4684,92.52,15.2148,0.08,45.2,11166.588655181224,-3.6851703156000006,5.80694771476,-1.09841034484,37.309,4.417999999999998,-5.1061795688408,1041.896,71.231263,0.12,3.04,1.0837199999999998,0.103490736,0.047668790482758606,0.12,1248.0,10.25724
4.105,2.3,21.925,0.4568,89.45,15.518500000000005,0.1,45.2,11166.800120907725,-3.4422013464999996,5.826612455399999,-1.11,37.2756,4.799,-4.854485721750001,1047.635,72.030293,0.25,2.6500000000000004,1.09095,0.25591445,0.262040415,0.0,1390.0,21.39844
4.83,2.74,21.634,0.4508,91.94,15.206000000000005,0.1,44.3,11166.603870944995,-3.5723620757999996,5.8097474433,-1.1626,37.887600000000006,4.4906000000000015,-4.9665981569,1048.894,74.67407999999998,0.0,2.68,1.0828799999999998,0.33770604800000004,0.33770604800000004,0.16,1194.0,30.71544
2.156,2.92,20.608,0.4624,92.34,14.418000000000005,0.02,45.2,11165.575833244693,-4.192313523,5.76755690074,-0.99175,36.7676,5.5262,-5.596645196900001,1028.4260000000002,70.64287399999998,0.18,3.94,1.0686,0.0014362620000000002,0.011907894000000002,0.18,1686.0,21.34104
2.29,2.8600000000000003,20.584000000000003,0.4624,92.26,14.4012,0.02,45.2,11165.552800184048,-4.1110001522,5.76465903306,-0.99115,36.7676,5.455800000000001,-5.5174573575,1030.104,70.64287399999998,0.18,3.86,1.06854,0.0027276060000000005,0.023815788000000004,0.16,1634.0,21.281040000000004
2.424,2.8,20.56,0.4624,92.18,14.3844,0.02,45.2,11165.529767123404,-4.0296867814000015,5.7617611653799985,-0.99055,36.7676,5.3854,-5.438269518099999,1031.782,70.64287399999998,0.18,3.78,1.06848,0.00401895,0.035723682,0.14,1582.0,21.22104
2.5580000000000003,2.74,20.535999999999998,0.4624,92.1,14.3676,0.02,45.2,11165.50673406276,-3.9483734106,5.7588632977,-0.98995,36.7676,5.315,-5.3590816787,1033.46,70.64287399999998,0.18,3.7,1.0684200000000001,0.005310294000000001,0.047631576000000016,0.12,1530.0,21.16104
2.6919999999999997,2.68,20.511999999999997,0.4624,92.02,14.3508,0.02,45.2,11165.483701002117,-3.8670600398,5.75596543002,-0.98935,36.7676,5.2446,-5.2798938393,1035.138,70.64287399999998,0.18,3.62,1.06836,0.006601638000000001,0.05953947,0.1,1478.0,21.101040000000005
2.826,2.62,20.488000000000003,0.4624,91.94,14.334000000000001,0.02,45.2,11165.460667941472,-3.785746669,5.75306756234,-0.98875,36.7676,5.1742,-5.2007059999,1036.816,70.64287399999998,0.18,3.54,1.0683,0.007892982000000002,0.071447364,0.08,1426.0,21.04104
2.8480000000000003,2.78,24.97,0.4168,97.14,18.5212,0.2,51.1,11170.071295302154,-3.4051826704000003,6.040462295179998,-1.2864,30.897,4.4686,-4.7884431606,1046.928,83.71028000000001,0.0,1.98,1.1301800000000002,0.37991930399999996,0.37991930399999996,0.28,1150.0,17.275440000000003
2.9339999999999997,2.79,24.785,0.4168,97.77,18.3576,0.2,51.1,11169.887154717411,-3.4491383627000003,6.02036159819,-1.2417,30.897,4.4087999999999985,-4.8301243808,1046.184,83.71028000000001,0.0,1.99,1.12669,0.401025932,0.401025932,0.29000000000000004,1130.0,17.834439999999994
5.0,2.640000000000001,24.604,0.4524,98.24,18.208,0.2,51.1,11169.705117211164,-3.3073901718000003,6.002652291,-1.1966,33.203,4.3406,-4.6876124194000015,1044.884,72.06747999999997,0.0,1.88,1.12468,0.33770604800000004,0.33770604800000004,0.26,1114.0,31.225440000000006
2.9280000000000004,2.78,24.728,0.4284,98.4,18.343,0.2,51.1,11169.827509492883,-3.529250798400001,6.02161985352,-1.197,30.845,4.6728,-4.9079623444,1043.5339999999999,77.93955600000001,0.0,2.06,1.1269600000000002,0.37991930399999996,0.37991930399999996,0.30000000000000004,1258.0,17.863440000000004
4.91,2.74,22.064,0.4506,94.74,15.595999999999998,0.1,44.3,11166.961253655574,-3.5946243978000005,5.8400801189,-1.13935,37.0378,4.2486,-4.9880148119,1048.404,72.383174,0.1,2.78,1.09038,0.33778655799999996,0.33770604800000004,0.16,1194.0,30.735440000000004
2.8280000000000003,2.8000000000000003,22.195999999999998,0.4420000000000001,94.44,16.111600000000006,0.08,52.0,11167.341549734669,-3.7484795484,5.86216795296,-0.9959,27.9858,4.3544,-5.146792946400001,1044.1,81.35405399999998,0.12,3.0,1.08924,0.34038534800000003,0.361521836,0.24,1140.0,19.712440000000004
4.88,2.74,21.744,0.4496,94.74,15.345999999999998,0.1,44.3,11166.62509453194,-3.5781131758000004,5.8208939196000005,-1.1806,37.6182,4.3426,-4.9714953274,1047.594,73.45047999999998,0.1,2.88,1.0847799999999999,0.33770604800000004,0.33770604800000004,0.16,1194.0,31.03544
4.869999999999999,2.74,21.774,0.4502,94.74,15.438,0.1,44.3,11166.73210661701,-3.5798919298000005,5.8280576521,-1.1751,37.527,4.3176000000000005,-4.9726431894,1046.894,72.78360999999998,0.1,2.9800000000000004,1.08548,0.33770604800000004,0.33770604800000004,0.16,1194.0,30.635440000000006
2.9560000000000004,2.8000000000000003,21.304,0.462,94.12,15.067600000000002,0.08,45.2,11166.294881216532,-3.7111539988,5.799908004,-1.1444,37.19499999999999,4.462,-5.109090306600001,1046.016,71.81308999999997,0.12,3.24,1.07776,0.34028873600000004,0.361521836,0.16,1196.0,18.402840000000005
3.574,2.46,21.984,0.4638,88.82000000000002,15.5268,0.1,44.9,11166.851523471094,-3.5948616906,5.828074250219999,-1.10765344828,36.975,4.6034,-5.0087959947136005,1047.076,71.279222,0.26,2.78,1.0907799999999999,0.30226937800000003,0.2477677968275862,0.04,1414.0,18.17624
4.002,2.42,21.964000000000002,0.4578,89.3,15.535600000000002,0.1,44.9,11166.834109891253,-3.5714646346000007,5.829604140780001,-1.10855,36.37179999999999,4.6394,-4.9793927591000005,1048.752,71.460613,0.26,2.74,1.09082,0.353952974,0.33218190400000003,0.04,1398.0,21.071440000000006
4.138,2.3,21.928,0.4568,89.14,15.5196,0.1,45.2,11166.800666670139,-3.4576108218000003,5.82680656306,-1.10815,37.2756,4.7862,-4.8698263675,1047.848,72.030293,0.26,2.66,1.09102,0.27210915,0.27157118,0.0,1402.0,21.49144
5.981999999999998,2.26,21.968000000000004,0.4450000000000001,89.14,15.549600000000002,0.1,44.9,11166.836212969743,-3.3857607514000003,5.831995530580001,-1.10815,37.6076,4.631,-4.7951995775,1048.1960000000001,73.000813,0.26,2.62,1.0923,0.269526462,0.247755392,0.0,1402.0,33.90344
1.921,2.79,20.346,0.4684,90.51,14.130400000000002,0.01,45.2,11165.31775285471,-3.834799603900001,5.73436721591,-0.9661836207,37.309,4.4232999999999985,-5.263826036184,1041.484,71.231263,0.19,3.61,1.06473,0.088466979,0.0595704820689655,0.1,1249.0,12.612739999999999
1.952,2.78,20.531999999999996,0.4684,90.82,14.2848,0.02,45.2,11165.495677701289,-3.8036203578,5.74464530952,-0.9851086207,37.309,4.435599999999999,-5.231378710334,1041.598,71.231263,0.18,3.52,1.06746,0.088458928,0.0595704820689655,0.1,1248.0,12.51304
1.983,2.77,20.718000000000004,0.4684,91.13,14.4392,0.03,45.2,11165.673602547862,-3.7724411117,5.754923403130001,-1.0040336207,37.309,4.447899999999999,-5.198931384484,1041.712,71.231263,0.16999999999999998,3.43,1.07019,0.088450877,0.0595704820689655,0.1,1247.0,12.41334
1.596,3.3200000000000003,21.072000000000006,0.4548,66.98,13.884,0.06,44.3,11166.004378955256,-3.8374705962,5.7073265409600005,-1.5675586206999998,37.6822,4.804639999999999,-5.241966136034,1067.442,84.676569,0.0,2.52,1.0531,0.29292357,0.2110972920689655,0.2,1640.0,10.276039999999998
5.1080000000000005,2.8000000000000003,20.700000000000006,0.5306000000000001,94.12,13.970000000000002,0.08,33.3,11165.57898218489,-3.7487785044,5.72818682664,-1.0719,38.1674,4.468,-5.1487775307999994,1051.052,61.904254,0.12,3.0,1.06924,0.34038534800000003,0.361521836,0.16,1076.0,34.24044000000001
3.0039999999999996,2.8000000000000003,21.651999999999997,0.4624,94.12,15.2572,0.08,45.2,11166.569857662813,-3.7288329604,5.81433496416,-1.1015,36.7058,4.3792,-5.127536253600001,1047.828,71.412654,0.12,3.0,1.08364,0.34038534800000003,0.361521836,0.16,1196.0,18.52284
5.016,2.7,22.616,0.4496,95.98,16.063599999999994,0.14,44.3,11167.471257567702,-3.4600006802000003,5.869680773759999,-1.2398,37.6182,4.3542000000000005,-4.848313817799999,1048.374,73.45047999999998,0.06,2.48,1.09794,0.33770604800000004,0.33770604800000004,0.16,1190.0,30.51664
4.948,2.72,22.18,0.4496,95.36,15.7048,0.12,44.3,11167.048176049819,-3.5190569280000004,5.845287346679998,-1.2102,37.6182,4.3484,-4.9099045725999995,1047.984,73.45047999999998,0.08,2.68,1.09136,0.33770604800000004,0.33770604800000004,0.16,1192.0,30.77604
4.8119999999999985,2.76,21.308000000000003,0.4496,94.12,14.9872,0.08,44.3,11166.20201301406,-3.637169423600001,5.79650049252,-1.151,37.6182,4.3368,-5.0330860822000005,1047.2040000000004,73.45047999999998,0.12,3.08,1.0782,0.33770604800000004,0.33770604800000004,0.16,1196.0,31.29484
4.744,2.78,20.872,0.4496,93.5,14.6284,0.06,44.3,11165.778931496177,-3.6962256714,5.77210706544,-1.1214,37.6182,4.331,-5.094676837,1046.8139999999999,73.45047999999998,0.14,3.28,1.07162,0.33770604800000004,0.33770604800000004,0.16,1198.0,31.554240000000004
4.15,2.28,23.438,0.4094,89.2,16.7834,0.16,44.9,11168.25431005447,-3.2703698176,5.93046352288,-1.3076,35.30159999999999,4.8806,-4.6772444593000015,1050.898,84.643613,0.22,2.16,1.11442,0.30315889999999995,0.27872481600000004,0.0,1458.0,19.751240000000006
4.026,2.3200000000000003,22.694000000000003,0.4094,87.96,16.165799999999994,0.12,44.9,11167.542610668164,-3.395086802,5.8893511484399985,-1.2319,35.30159999999999,4.8314,-4.8070337627,1050.442,84.643613,0.26,2.52,1.1035,0.303191104,0.27872481600000004,0.0,1462.0,20.15004
2.948,2.78,20.89,0.4624,92.8,14.6316,0.04,45.2,11165.841436665947,-3.7966230384,5.77182380086,-1.0255999999999998,36.7058,4.4034,-5.202542361200001,1046.92,71.412654,0.16,3.3200000000000003,1.07282,0.29949564,0.331216474,0.14,1202.0,19.13164
3.072,2.74,21.634,0.4624,94.04,15.249199999999998,0.08,45.2,11166.553136052256,-3.671906054,5.8129361753,-1.1013,36.7058,4.4526,-5.0727530578,1047.376,71.412654,0.12,2.96,1.08374,0.299463436,0.331216474,0.14,1198.0,18.732840000000003
4.7860000000000005,2.78,21.32,0.4506,93.5,14.9784,0.06,44.3,11166.249554269267,-3.719341382200001,5.79896774446,-1.06365,37.0378,4.1994,-5.117804115299999,1047.948,72.383174,0.14,3.14,1.07946,0.33781876200000005,0.33770604800000004,0.16,1198.0,31.134240000000005
2.6519999999999997,2.8999999999999995,21.648000000000003,0.4636,92.1,15.2184,0.1,44.3,11166.620702216762,-3.8312253522,5.811853289959999,-1.1642,36.7136,4.9304,-5.2240052693,1043.06,72.3641,0.0,2.92,1.08188,0.295492792,0.295492792,0.2,1352.0,18.69344
2.73,2.88,22.105999999999998,0.4636,93.28,15.6052,0.12,44.3,11167.048028452029,-3.7733193244,5.838476012299999,-1.1974,36.7136,4.906599999999999,-5.1633939486000004,1043.19,72.3641,0.0,2.76,1.08884,0.295492792,0.295492792,0.2,1350.0,18.498040000000003
2.8080000000000003,2.8599999999999994,22.564,0.4636,94.46,15.991999999999996,0.14,44.3,11167.475354687302,-3.7154132966,5.86509873464,-1.2306,36.7136,4.8828,-5.1027826279,1043.32,72.3641,0.0,2.6,1.0958,0.295492792,0.295492792,0.2,1348.0,18.30264
4.056,2.3600000000000003,21.522,0.458,85.8,15.1398,0.1,44.9,11166.461097094943,-3.5230943568000006,5.79826089164,-1.1279,37.2216,4.9292,-4.9338741998,1049.2160000000001,73.75151899999999,0.18,2.62,1.08356,0.345339952,0.320938072,0.02,1424.0,21.44744
3.922,2.42,21.534000000000002,0.458,86.50000000000001,15.145600000000002,0.1,44.9,11166.476727180672,-3.5492023126000003,5.79927146518,-1.1318,37.2216,4.881399999999998,-4.9579761041,1049.242,73.75151899999999,0.16,2.64,1.08332,0.353872464,0.33218190400000003,0.04,1398.0,21.051440000000003
3.654,2.54,21.558000000000003,0.458,87.9,15.1572,0.1,44.9,11166.507987352128,-3.601418224200001,5.801292612259999,-1.1396,37.2216,4.7858,-5.0061799126999995,1049.2939999999999,73.75151899999999,0.12,2.68,1.08284,0.370937488,0.35466956800000005,0.08,1346.0,20.259440000000005
3.386,2.66,21.581999999999997,0.458,89.3,15.1688,0.1,44.9,11166.539247523586,-3.6536341358,5.80331375934,-1.1474,37.2216,4.6902,-5.054383721300002,1049.346,73.75151899999999,0.08,2.72,1.08236,0.388002512,0.3771572320000001,0.12,1294.0,19.46744
3.1179999999999994,2.78,21.605999999999998,0.458,90.70000000000002,15.180400000000002,0.1,44.9,11166.570507695043,-3.7058500474,5.80533490642,-1.1552,37.2216,4.5946,-5.102587529900001,1049.398,73.75151899999999,0.04,2.76,1.08188,0.405067536,0.399644896,0.16,1242.0,18.67544
3.842,2.38,21.531999999999996,0.464,85.56000000000002,15.1354,0.1,44.9,11166.469803884864,-3.5347928848000008,5.797495946360001,-1.12745172414,37.8248,4.911199999999999,-4.9485758176068,1048.3780000000004,73.570128,0.18,2.64,1.08354,0.319498154,0.2787310184137932,0.02,1432.0,19.999840000000006
3.494,2.46,21.554,0.464,86.02000000000002,15.1368,0.1,44.9,11166.494140760513,-3.5725993686000006,5.79774157462,-1.13090344828,37.8248,4.8454,-4.987379339713599,1047.566,73.570128,0.16,2.68,1.08328,0.302188868,0.2477677968275862,0.04,1414.0,18.15624
2.798,2.62,21.598000000000003,0.464,86.94000000000003,15.139600000000002,0.1,44.9,11166.542814511811,-3.6482123362,5.79823283114,-1.1378068965600001,37.8248,4.7138,-5.0649863839272005,1045.942,73.570128,0.12,2.76,1.08276,0.26757029600000004,0.1858413536551724,0.08,1378.0,14.46904
2.102,2.78,21.642000000000003,0.464,87.86,15.142400000000002,0.1,44.9,11166.591488263113,-3.7238253038,5.79872408766,-1.14471034484,37.8248,4.5821999999999985,-5.142593428140801,1044.318,73.570128,0.08,2.84,1.0822399999999999,0.232951724,0.1239149104827586,0.12,1342.0,10.78184
1.406,2.9400000000000004,21.686,0.464,88.78000000000002,15.1452,0.1,44.9,11166.640162014412,-3.799438271400001,5.799215344179999,-1.1516137931200001,37.8248,4.4506,-5.2202004723544,1042.694,73.570128,0.04,2.92,1.08172,0.19833315199999998,0.0619884673103448,0.16,1306.0,7.094640000000001
